Timestamp,Email Address,Name,Position,Phone number,Facebook profile link,Instagram profile link,Linkedin profile link,Your Picture for Website
6/4/2026 16:41:02,ishupadhyay8259@gmail.com,Ish Upadhyay,"Organiser, Hospitality And Transport ",9826889204,,https://www.instagram.com/better_call_ish?igsh=MWxlYjQ3dTBkaHpnaA%3D%3D&utm_source=qr,https://www.linkedin.com/in/ish-upadhyay-9404a1360?utm_source=share_via&utm_content=profile&utm_medium=member_ios,https://drive.google.com/open?id=1oaRDew70zdeHVuoywqicQH0WOhKyGCov
6/4/2026 18:20:33,dkris3348@gmail.com,Deepanshu Kashyap,"Organizer, Hospitality and Transport",8384029673,,https://www.instagram.com/idk_deepksp?igsh=MWYxOTFsaWhkbXE0bg==,www.linkedin.com/in/deepanshu-kashyap-hr05,https://drive.google.com/open?id=1erUrUzjf0XzP9p8JGe3Lg2wLr2GL66-V
,,,,,,,,
,,,,,,,,
,,,,,,,,
,,,,,,,,
,,,,,,,,
6/14/2026 12:57:37,dhruvg24@iitk.ac.in,Dhruv Garg,Organiser Hospitality and Transport,8690168344,,https://www.instagram.com/_hruvgarg?igsh=MWNmY2pqZWFkazJ4Zg==,,https://drive.google.com/open?id=16VVKiIJW7P6pMlntQRdB6XdrK9E4-kS4
6/22/2026 18:23:13,rhhythmsoan01@gmail.com,Rhythm Soan,Organiser Hospitality and Transport,9875897824,https://www.instagram.com/yrrrhythm._.s/?utm_source=ig_web_button_share_sheet
6/22/2026 18:54:47,madhurkumar8368@gmail.com,Madhur Kumar,Hospitality and Transport,8368527779,https://www.instagram.com/madhur_47/ , https://www.linkedin.com/in/madhur-kumar-a00763287?utm_source=share_via&utm_content=profile&utm_medium=member_android	